ref;nuevo;fecha;monto;folio;cuota;choca_con_nativo
PRD0002811795;False;2026-01-10;1000.0;44148908;22;False
PRD0002811795;False;2026-01-15;1000.0;44275806;22;False
PRD0002811795;False;2026-01-20;1000.0;44405978;22;False
PRD0002811795;False;2026-02-02;1000.0;44773514;22;False
PRD0003153961;False;2026-01-23;250.0;44507931;6;False
PRD0003153961;False;2026-02-02;400.0;44771230;6;False
PRD0003153961;False;2026-02-04;800.0;44841632;6;False
PRD0003153961;False;2026-02-05;400.0;44876747;6;False
PRD0003153961;False;2026-02-06;400.0;44926375;6;False
PRD0003153961;False;2026-02-09;200.0;44992376;6;False
PRD0003208599;False;2026-02-18;25.0;45268281;10;False
PRD0003208599;False;2026-02-19;25.0;45292364;10;False
PRD0003208599;False;2026-02-20;25.0;45339237;10;False
PRD0003208599;False;2026-02-21;25.0;45364556;10;False
PRD0003208599;False;2026-02-23;25.0;45392699;10;False
PRD0003208599;False;2026-02-26;75.0;45515483;10;False
PRD0003208599;False;2026-02-26;25.0;45516088;10;False
PRD0003208599;False;2026-03-03;25.0;45636891;10;False
PRD0003243228;False;2026-03-04;350.0;45671904;11;False
PRD0003243228;False;2026-03-05;260.0;45708228;11;False
PRD0003243228;False;2026-03-06;350.0;45743872;11;False
PRD0003243228;False;2026-03-07;350.0;45771550;11;False
PRD0003243228;False;2026-03-09;350.0;45814147;11;False
PRD0003243228;False;2026-03-10;350.0;45851227;11;False
PRD0003243228;False;2026-03-11;350.0;45887120;11;False
PRD0003243228;False;2026-03-13;350.0;45967674;11;False
PRD0003243228;False;2026-03-16;350.0;46029654;11;False
PRD0003243228;False;2026-03-17;250.0;46066819;11;False
PRD0003243228;False;2026-03-19;200.0;46138003;11;False
PRD0003243228;False;2026-03-23;200.0;46240118;11;False
PRD0003243228;False;2026-03-25;150.0;46310341;11;False
PRD0003243228;False;2026-03-27;120.0;46380811;11;False
PRD0003325065;False;2026-08-19;400.0;50830535;19;True
PRD0003416799;False;2026-05-18;600.0;47904409;30;False
PRD0003416799;False;2026-05-19;600.0;47937521;30;False
PRD0003416799;False;2026-05-20;600.0;47975140;30;False
PRD0003416799;False;2026-05-22;600.0;48051779;30;False
PRD0003416799;False;2026-05-23;600.0;48088655;30;False
PRD0003416799;False;2026-05-26;600.0;48160307;30;False
PRD0003416799;False;2026-05-28;600.0;48235068;30;False
PRD0003416799;False;2026-05-30;600.0;48303766;30;False
PRD0003445062;False;2026-09-04;200.0;51372330;20;True
PRD0003528236;False;2026-08-18;500.0;50818768;6;True
PRD0003529298;False;2026-08-04;1200.0;50364939;23;True
PRD0003549154;False;2026-08-04;640.0;50349046;20;True
PRD0003550352;False;2026-08-04;960.0;50379854;14;True
PRD0003550382;False;2026-08-04;320.0;50348305;20;True
PRD0003562430;False;2026-08-18;200.0;50804441;24;True
PRD0003562430;False;2026-08-19;200.0;50839509;24;True
PRD0003565968;False;2026-08-04;1500.0;50350926;2;True
PRD0003567626;False;2026-08-18;800.0;50795367;30;True
PRD0003567626;False;2026-08-19;800.0;50831425;30;True
PRD0003567626;False;2026-08-20;800.0;50867530;30;True
PRD0003572455;False;2026-08-04;1500.0;50351471;10;True
PRD0003575275;False;2026-08-18;250.0;50823758;24;True
PRD0003575275;False;2026-08-21;250.0;50935063;24;True
PRD0003581247;False;2026-08-17;500.0;50769755;24;True
PRD0003581248;False;2026-08-17;750.0;50774393;24;True
PRD0003581674;False;2026-08-04;500.0;50349947;9;True
PRD0003582666;False;2026-08-04;800.0;50348560;7;True
PRD0003584096;False;2026-08-19;2400.0;50844811;5;True
PRD0003588779;False;2026-08-17;2400.0;50782891;4;True
PRD0003591205;False;2026-08-18;720.0;50819293;5;True
PRD0003591205;False;2026-08-26;720.0;51075245;5;True
PRD0003591246;False;2026-08-18;1440.0;50819287;5;True
PRD0003591246;False;2026-08-26;1440.0;51075293;5;True
PRD0003592302;False;2026-08-04;1100.0;50349583;2;True
PRD0003594855;False;2026-08-04;500.0;50349248;4;True
PRD0003597878;False;2026-08-04;300.0;50350408;3;True
PRD0003600700;False;2026-08-04;400.0;50349891;2;True
PRD0003600714;False;2026-08-04;300.0;50350898;2;True
PRD0003601252;False;2026-08-04;500.0;50350643;2;True
PRD0003601539;False;2026-09-04;400.0;51371645;13;True
PRD0003603541;False;2026-08-17;250.0;50769732;24;True
PRD0003603541;False;2026-08-26;250.0;51065119;24;True
PRD0003606249;False;2026-08-18;1500.0;50806368;4;True
PRD0003606249;False;2026-08-26;1500.0;51060914;4;True
PRD0003606249;False;2026-09-01;1500.0;51237056;4;True
PRD0003611471;False;2026-08-11;800.0;50571734;6;True
PRD0003611786;False;2026-08-08;1400.0;50499547;2;True
PRD0003611786;False;2026-08-10;1400.0;50533219;8;True
PRD0003611786;False;2026-08-15;1400.0;50723158;8;True
PRD0003614154;False;2026-08-26;3000.0;51046053;4;True
PRD0003614209;False;2026-08-11;250.0;50585982;9;True
PRD0003614209;False;2026-08-12;250.0;50610113;9;True
PRD0003614209;False;2026-08-13;250.0;50647318;9;True
PRD0003614209;False;2026-08-14;250.0;50684610;9;True
PRD0003619964;False;2026-08-15;320.0;50723810;5;True
PRD0003620226;False;2026-08-17;240.0;50766971;25;False
PRD0003620226;False;2026-08-19;240.0;50829540;25;False
PRD0003620226;False;2026-08-25;240.0;51016313;25;False
PRD0003620226;False;2026-08-31;240.0;51197618;25;False
PRD0003620226;False;2026-09-02;240.0;51279176;25;False
PRD0003620226;False;2026-09-03;720.0;51320208;25;False
PRD0003620226;False;2026-09-04;480.0;51359897;25;False
PRD0003620226;False;2026-09-05;480.0;51399086;25;False
PRD0003620228;False;2026-09-03;600.0;51320219;3;False
PRD0003620228;False;2026-09-04;265.0;51359918;3;False
PRD0003620228;False;2026-09-05;300.0;51399094;3;False
PRD0003620538;False;2026-08-15;480.0;50734364;5;True
PRD0003622772;False;2026-08-18;2250.0;50809943;4;True
PRD0003622772;False;2026-08-26;2250.0;51046545;4;True
PRD0003622777;False;2026-08-26;2400.0;51046062;4;True
PRD0003622782;False;2026-08-13;500.0;50661127;4;True
PRD0003624846;False;2026-08-26;5280.0;51075013;3;True
PRD0003624850;False;2026-08-26;2880.0;51074938;3;True
PRD0003625978;False;2026-08-13;3500.0;50664723;3;True
PRD0003628763;False;2026-09-04;500.0;51364435;6;True
PRD0003628827;False;2026-08-14;250.0;50693380;2;False
PRD0003628827;False;2026-08-15;250.0;50723641;2;False
PRD0003628827;False;2026-08-17;250.0;50777476;15;False
PRD0003628827;False;2026-08-18;250.0;50807682;15;False
PRD0003628827;False;2026-08-19;250.0;50830068;15;False
PRD0003628827;False;2026-08-20;250.0;50882148;15;False
PRD0003628827;False;2026-08-22;250.0;50956229;15;False
PRD0003628827;False;2026-08-24;250.0;50977191;15;False
PRD0003628827;False;2026-08-26;250.0;51061167;15;False
PRD0003628827;False;2026-08-27;250.0;51085241;15;False
PRD0003628827;False;2026-08-28;250.0;51127228;15;False
PRD0003628827;False;2026-08-31;250.0;51210995;15;False
PRD0003628827;False;2026-09-02;250.0;51280503;15;False
PRD0003628827;False;2026-09-03;250.0;51320334;15;False
PRD0003628827;False;2026-09-04;250.0;51359890;15;False
PRD0003629224;False;2026-08-15;1000.0;50741327;1;True
PRD0003637775;False;2026-09-03;1500.0;51333563;2;False
PRD0003640059;False;2026-09-03;750.0;51340728;13;False
PRD0003640059;False;2026-09-04;750.0;51378054;13;False
PRD0003640059;False;2026-09-05;750.0;51405445;13;False
PRD0003641448;True;2026-08-19;750.0;50830065;11;False
PRD0003641448;True;2026-08-20;750.0;50882140;11;False
PRD0003641448;True;2026-08-22;750.0;50956222;11;False
PRD0003641448;True;2026-08-24;750.0;50977188;11;False
PRD0003641448;True;2026-08-26;750.0;51061178;11;False
PRD0003641448;True;2026-08-27;750.0;51085237;11;False
PRD0003641448;True;2026-08-28;750.0;51127224;11;False
PRD0003641448;True;2026-08-31;750.0;51210985;11;False
PRD0003641448;True;2026-09-02;750.0;51280497;11;False
PRD0003641448;True;2026-09-03;750.0;51320332;11;False
PRD0003641448;True;2026-09-04;750.0;51359887;11;False
PRD0003655527;False;2026-09-03;750.0;51340740;10;False
PRD0003655527;False;2026-09-04;750.0;51378048;10;False
PRD0003655527;False;2026-09-05;750.0;51405426;10;False
PRD0003656080;True;2026-08-26;150.0;51048539;11;False
PRD0003656080;True;2026-08-27;150.0;51096193;11;False
PRD0003656080;True;2026-08-28;150.0;51135220;11;False
PRD0003656080;True;2026-08-29;150.0;51174602;11;False
PRD0003656080;True;2026-08-31;150.0;51209676;11;False
PRD0003656080;True;2026-09-01;300.0;51251529;11;False
PRD0003656080;True;2026-09-02;150.0;51279841;11;False
PRD0003656080;True;2026-09-03;150.0;51331784;11;False
PRD0003656080;True;2026-09-04;300.0;51360501;11;False
PRD0003668219;True;2026-08-29;500.0;51164553;7;False
PRD0003668219;True;2026-08-31;500.0;51211359;7;False
PRD0003668219;True;2026-09-02;500.0;51277698;7;False
PRD0003668219;True;2026-09-02;500.0;51280474;7;False
PRD0003668219;True;2026-09-03;500.0;51323896;7;False
PRD0003668219;True;2026-09-04;500.0;51362025;7;False
PRD0003668219;True;2026-09-05;500.0;51399255;7;False
PRD0003675644;True;2026-09-02;400.0;51302753;4;False
PRD0003675644;True;2026-09-03;400.0;51342554;4;False
PRD0003675644;True;2026-09-04;400.0;51378739;4;False
PRD0003675644;True;2026-09-05;400.0;51409014;4;False
